{"sections":{"164700129009774f89":{"type":"homepage_banner","settings":{"menu":"fashion-88","image":"shopify:\/\/shop_images\/Homepage.png","heading":"HappyPoints","content":"<ul>\n<li>New Arrivals<\/li>\n<li>Boots<\/li>\n<li>Flats<\/li>\n<li>Heels<\/li>\n<li>Sandals<\/li>\n<li>Sneakers<\/li>\n<li>Sale<\/li>\n<li>View All<\/li>\n<li>Campaign<\/li>\n<li>Story<\/li>\n<\/ul>"}},"164700538290212f90":{"type":"multi_column_section","blocks":{"b5713d8c-a6ed-4720-a7cd-5a793bc4b722":{"type":"column","settings":{"image":"shopify:\/\/shop_images\/happypoints.png","heading":"Happypoints","subheading":""}},"70e2fc82-f4a6-40d4-a1bc-cd7e35b669fd":{"type":"column","settings":{"image":"shopify:\/\/shop_images\/hamsatechnology.png","heading":"Hamsa","subheading":"Technologies"}}},"block_order":["b5713d8c-a6ed-4720-a7cd-5a793bc4b722","70e2fc82-f4a6-40d4-a1bc-cd7e35b669fd"],"settings":{}},"1647262077b39bf9a1":{"type":"feed","blocks":{"dcd0c239-6588-4f88-b486-952f915c3790":{"type":"feed","settings":{"image":"shopify:\/\/shop_images\/layer1.png"}},"3bc9be0d-66f7-494e-bbfd-35cd5020cf82":{"type":"feed","settings":{"image":"shopify:\/\/shop_images\/layer2.png"}},"e4f1ff7a-0e94-4a59-a371-b941296b4857":{"type":"feed","settings":{"image":"shopify:\/\/shop_images\/layer3.png"}},"17a05e36-f4a6-48ad-8912-1e64f1882f93":{"type":"feed","settings":{"image":"shopify:\/\/shop_images\/layer4.png"}},"c1295cfe-f27f-4e9c-b2d2-20597910eb44":{"type":"feed","settings":{"image":"shopify:\/\/shop_images\/layer5.png"}}},"block_order":["dcd0c239-6588-4f88-b486-952f915c3790","3bc9be0d-66f7-494e-bbfd-35cd5020cf82","e4f1ff7a-0e94-4a59-a371-b941296b4857","17a05e36-f4a6-48ad-8912-1e64f1882f93","c1295cfe-f27f-4e9c-b2d2-20597910eb44"],"settings":{"heading":"Tag your photos with #HAPPYPOINTS and #HAMSA TECHNOLOGIES"}}},"order":["164700129009774f89","164700538290212f90","1647262077b39bf9a1"]}